Code,Name,Branch No.,Branch Name,TFWS,LSCO,LSCH,LOPENO,LOPENH,LOBCO,LOBCH,GVJO,GVJH,GSTO,GSTH,GSCO,GSCH,GOPENO,GOPENH,GOBCO,GOBCH,GNT3O,GNT3H,GNT2O,GNT2H,GNT1O,GNT1H,DEFS,Year
5330,"Pune Vidyarthi Griha's College Of Engineering, Nashik",533024510,Computer Engineering,10133,69575,67921,26079,42858,28769,39330,59674,17458,103661,62895,57826,131695,18804,49462,39409,52408,93422,44452,40004,50838,110810,70006,64186,2019
5330,"Pune Vidyarthi Griha's College Of Engineering, Nashik",533024610, Information Technology,56786,163177,311118,72538,49801,91752,86059,146522,144637,294669,293784,86961,290548,58107,61757,93648,92947,123172,89098,100879,132754,152322,215697,74936,2019
5330,"Pune Vidyarthi Griha's College Of Engineering, Nashik",533037210,Electronics and Telecommunication Engg,62578,199560,396348,98100,72328,91157,139335,179194,139250,344780,344161,146634,360632,65332,94969,99564,99686,145253,121837,119638,155365,193123,257083,106774,2019
5330,"Pune Vidyarthi Griha's College Of Engineering, Nashik",533061210,Mechanical Engineering,59495,131626,260451,35583,29871,65742,96452,62318,130795,224897,208594,68553,236517,48359,68522,72580,62775,97367,87587,71360,107578,113574,176061,68939,2019
5418,"Guru Gobind Singh College of Engineering & Research Centre, Nashik",541819110,Civil Engineering,65630,160632,297713,81528,55355,79692,98370,140318,105876,193831,274367,89527,272822,52592,84233,73626,95497,112520,85912,96079,107100,85063,96580,79940,2019
5418,"Guru Gobind Singh College of Engineering & Research Centre, Nashik",541829310,Electrical Engineering,42202,197882,395456,92813,58186,93995,141538,179776,163639,336510,42349,142379,336619,68107,78257,87763,70702,148700,124496,120349,156980,195255,259094,54510,2019
5418,"Guru Gobind Singh College of Engineering & Research Centre, Nashik",541861210,Mechanical Engineering,53991,115494,202509,14923,111757,50495,74749,65796,59863,212925,168212,50221,78756,36185,69151,77671,92504,70971,105357,56626,80386,102133,129538,-21408,2019
6139,"Progressive Education Society's Modern College of Engineering, Pune ",613924510,Computer Engineering,6460,20547,43407,2825,6579,12674,7648,-14992,-999,42149,61987,12667,28918,4777,5072,5935,10884,-1014,12767,15895,20429,18388,23954,4600,2019
6139,"Progressive Education Society's Modern College of Engineering, Pune ",613924520,Computer Engineering [Second Shift],6503,25989,28852,10068,6702,19133,9975,38596,18128,53180,44118,24733,40736,6746,5855,7394,10029,17170,27261,15566,2769,19571,11436,12993,2019
6139,"Progressive Education Society's Modern College of Engineering, Pune ",613924610, Information Technology,9406,34207,46600,9044,10318,12137,20190,682,-10480,64808,75311,36261,48093,7757,7537,11651,15562,20774,37774,47651,17517,28558,36540,19513,2019
6139,"Progressive Education Society's Modern College of Engineering, Pune ",613924620,Information Technology [Second Shift],6574,22782,79279,11431,9423,15890,15941,70470,-13609,68295,50586,33978,58382,5924,10340,9249,17558,17803,9515,12353,13107,24892,64436,14519,2019
6139,"Progressive Education Society's Modern College of Engineering, Pune ",613929310,Electrical Engineering,16582,66303,41647,12973,18846,22640,16967,47219,17156,75308,79048,47346,48236,13038,21012,21295,49970,31200,61060,15788,58412,31093,48213,23231,2019
6139,"Progressive Education Society's Modern College of Engineering, Pune ",613929320,Electrical Engineering [Second Shift],11204,48404,97027,22578,44305,24498,90304,47689,-5724,76177,74344,40201,46136,10852,23289,17699,43115,22338,24998,27140,70662,45404,46537,40308,2019
6139,"Progressive Education Society's Modern College of Engineering, Pune ",613937210,Electronics and Telecommunication Engg,17567,36190,92928,16875,17457,18892,35052,46315,23738,118363,106012,77638,90597,17983,17852,25549,28901,43597,92098,59552,90549,44128,73409,33957,2019
6139,"Progressive Education Society's Modern College of Engineering, Pune ",613961210,Mechanical Engineering,13859,111707,78863,17902,13068,2816,41621,22453,24838,49117,68118,39602,45162,12566,10605,14485,26583,27394,17296,15568,19139,30356,50258,10610,2019
6139,"Progressive Education Society's Modern College of Engineering, Pune ",613961220,Mechanical Engineering [Second Shift],13930,53239,113733,15523,10011,13912,57503,91095,38091,86931,83657,36564,54899,15710,12566,17666,28140,33774,28968,49947,15277,44400,65544,24150,2019
6145,"JSPM'S Jaywantrao Sawant College of Engineering,Pune",614524510,Computer Engineering,16251,43942,42379,16821,15410,17138,16178,29980,-25229,105704,84995,31387,63936,12111,15687,16390,23714,49283,35981,27818,18470,32845,27110,25535,2019
6145,"JSPM'S Jaywantrao Sawant College of Engineering,Pune",614524610,Information Technology,13017,73727,82324,13317,25905,28348,31692,90646,-39542,136079,118415,38883,70650,19078,27824,25951,37691,47773,42414,25252,52334,64957,74534,24013,2019
6145,"JSPM'S Jaywantrao Sawant College of Engineering,Pune",614529310,Electrical Engineering,32227,75272,136559,67681,39078,78727,114637,71736,30833,145852,141575,18272,142356,24504,50200,28697,61526,57531,47464,44387,80355,68615,104598,22201,2019
6145,"JSPM'S Jaywantrao Sawant College of Engineering,Pune",614537210,Electronics and Telecommunication Engg,33854,150527,272766,67653,39517,71916,64771,135776,86952,285703,268655,113616,45928,48479,49185,67333,84041,108633,95395,103462,119825,135171,163777,69511,2019
6145,"JSPM'S Jaywantrao Sawant College of Engineering,Pune",614561210,Mechanical Engineering,21600,78466,153057,12546,98183,57458,65155,53994,148465,143759,136716,60330,93121,25011,28516,27966,67877,51590,34619,40450,94661,59502,73971,36047,2019
6145,"JSPM'S Jaywantrao Sawant College of Engineering,Pune",614561220,Mechanical Engineering [Second Shift],22286,76601,160913,3638,56679,34529,54404,70066,51862,121902,127881,96757,184941,24487,37986,42220,84927,57348,47047,28260,58225,77469,106253,65576,2019
6156,"Marathwada Mitra Mandal's College of Engineering, Karvenagar, Pune ",615624510,Computer Engineering,12768,47216,58000,11887,5415,12215,16438,35729,125986,64491,64261,35357,45556,9642,6302,15006,14946,25456,21475,11644,8618,24383,54965,15259,2019
6156,"Marathwada Mitra Mandal's College of Engineering, Karvenagar, Pune ",615624610,Information Technology,14252,42348,51404,13642,6768,18765,20255,106811,3132,94402,77296,32000,65493,11557,11340,14110,19796,4445,50901,41351,33514,38423,73698,23356,2019
6156,"Marathwada Mitra Mandal's College of Engineering, Karvenagar, Pune ",615629310,Electrical Engineering,23605,89525,78792,16618,15592,55471,118240,64376,27647,149245,129906,43297,101136,21881,21524,22742,55459,36998,45338,45592,58023,70166,89525,78850,2019
6156,"Marathwada Mitra Mandal's College of Engineering, Karvenagar, Pune ",615637210,Electronics and Telecommunication Engg,21986,94746,124105,33149,15605,46848,54317,75299,32127,173168,152730,66297,132935,25634,17364,50936,62593,60431,107398,70262,55167,81019,56225,61803,2019
6156,"Marathwada Mitra Mandal's College of Engineering, Karvenagar, Pune ",615661210,Mechanical Engineering,17242,14857,67449,36848,13582,101485,45044,43644,47869,63644,33848,69207,72951,18872,10103,28324,24587,63018,55460,21496,-22534,111242,53479,24586,2019
6156,"Marathwada Mitra Mandal's College of Engineering, Karvenagar, Pune ",615661220,Mechanical Engineering [Second Shift],19806,67601,127337,41936,35802,4515,60264,54747,45801,103223,119531,63877,94738,22352,11783,25067,31265,47866,64983,56456,67066,62827,72884,23177,2019
6160,"JSPM's Imperial College of Engineering and Research, Wagholi, Pune",616019120,Civil Engineering [Second Shift],30161,100600,204973,40633,110188,31041,73017,57991,194778,198298,144031,79371,81160,33123,71612,58358,105398,38317,64310,60069,82091,99521,135692,84656,2019
6160,"JSPM's Imperial College of Engineering and Research, Wagholi, Pune",616024510,Computer Engineering,17743,50677,31939,18142,25135,22306,34859,48629,16228,113184,99363,38536,63685,16683,20062,20446,21890,38968,27116,35068,11367,71133,61948,27719,2019
6160,"JSPM's Imperial College of Engineering and Research, Wagholi, Pune",616037210,Electronics and Telecommunication Engg,35239,231800,378038,100170,83509,114659,82145,226078,197475,428284,418889,162158,410298,81790,98753,102140,131934,165424,156704,148166,188584,214175,305294,107138,2019
6160,"JSPM's Imperial College of Engineering and Research, Wagholi, Pune",616061210,Mechanical Engineering,31154,121901,234426,58040,94902,59718,87340,109753,111703,217362,182064,76982,192925,43818,53349,55390,107762,71786,89950,73892,48557,110267,116465,44842,2019
6160,"JSPM's Imperial College of Engineering and Research, Wagholi, Pune",616061220,Mechanical Engineering,48808,158246,304904,75062,65723,77000,113032,142683,141526,281794,283765,115779,282818,56383,97369,61240,110698,101674,112601,61023,107933,148891,209296,82691,2019
6175,"Pimpri Chinchwad Education Trust, Pimpri Chinchwad College of Engineering, Pune",617519110,Civil Engineering,2794,32120,37353,591,11369,7954,7691,16571,7225,30117,46858,27240,19917,5054,8328,3731,13688,13254,11786,9265,16457,18170,31946,13112,2019
6175,"Pimpri Chinchwad Education Trust, Pimpri Chinchwad College of Engineering, Pune",617524510,Computer Engineering,1707,21122,26662,3352,1927,1649,3974,19140,-2742,116610,63387,10736,9522,871,267,1642,689,7355,-6275,-3110,8692,784,12782,3075,2019
6175,"Pimpri Chinchwad Education Trust, Pimpri Chinchwad College of Engineering, Pune",617524520,Computer Engineering [Second Shift],1038,32649,24697,2673,3052,1135,4761,5174,-10281,-8338,64138,14178,13296,544,719,1137,1887,4163,2232,3114,1581,6414,7082,2897,2019
6175,"Pimpri Chinchwad Education Trust, Pimpri Chinchwad College of Engineering, Pune",617524610,Information Technology,782,12208,33726,2623,3626,3635,3571,21648,-11069,26191,37613,14341,15350,2235,1784,2838,3726,7662,6022,9552,4591,11258,17981,3880,2019
6175,"Pimpri Chinchwad Education Trust, Pimpri Chinchwad College of Engineering, Pune",617537210,Electronics and Telecommunication Engg,5797,20349,65294,4060,3965,8544,3410,4387,29227,42692,34216,26941,33562,4762,3620,7817,2865,35322,7832,11984,21605,24166,17299,7725,2019
6175,"Pimpri Chinchwad Education Trust, Pimpri Chinchwad College of Engineering, Pune",617537220,Electronics and Telecommunication Engg [Second Shift],4063,-3611,71028,5061,3509,8014,7294,51118,24848,45449,32608,23409,28861,3450,3930,6326,4652,12793,11663,30005,18331,18910,24447,9351,2019
6175,"Pimpri Chinchwad Education Trust, Pimpri Chinchwad College of Engineering, Pune",617561210,Mechanical Engineering,3963,15336,71937,9221,8777,21434,10351,3275,13459,102649,99683,17212,21804,3676,2262,4609,5126,6561,7764,5649,7045,16404,2494,6512,2019
6175,"Pimpri Chinchwad Education Trust, Pimpri Chinchwad College of Engineering, Pune",617561220,Mechanical Engineering [Second Shift],3574,-7228,48307,9180,7607,24543,13441,24634,21880,28339,80546,18322,24607,3676,2934,6452,6504,3045,6207,9920,11612,13164,14695,8898,2019
6177," Sinhgad College of Engineering, Vadgaon (BK), Pune",617708210, Bio Technology,16795,57205,82946,7355,29298,13994,47563,50552,43819,33526,91372,36535,87366,19543,40256,29533,55812,94410,17042,36222,88817,31602,74198,31290,2019
6177," Sinhgad College of Engineering, Vadgaon (BK), Pune",617719110,Civil Engineering,21233,39630,102754,26286,60506,28748,104386,36908,94286,83613,70904,35869,94951,20787,38488,28517,61288,37260,43861,30943,57342,49276,77383,37258,2019
6177," Sinhgad College of Engineering, Vadgaon (BK), Pune",617719120,Civil Engineering [Second Shift],21780,64968,121941,32617,72671,34152,116281,62323,98511,104031,111732,38851,97337,26199,53877,29480,65622,48698,66717,36332,53990,30096,92908,37279,2019
6177," Sinhgad College of Engineering, Vadgaon (BK), Pune",617724510,Computer Engineering,8168,22865,56255,7420,14547,9455,17138,23157,91705,5495,17050,17937,48916,7785,8685,10259,15736,12061,15602,23503,27147,12793,18840,9404,2019
6177," Sinhgad College of Engineering, Vadgaon (BK), Pune",617724610,Information Technology,14562,51406,104839,13603,24342,12482,33572,38824,31084,17636,65022,28892,111230,10684,23330,11879,35011,15371,35539,18512,47404,27728,66974,14928,2019
6177," Sinhgad College of Engineering, Vadgaon (BK), Pune",617737210,Electronics and Telecommunication Engg,22406,66695,53293,30185,51635,46652,81631,65246,105725,81298,129951,61748,96677,28423,59018,33789,91350,36137,72385,54753,112604,70921,107958,15769,2019
6177," Sinhgad College of Engineering, Vadgaon (BK), Pune",617737220,Electronics and Telecommunication Engg [Second Shift],24756,108278,150969,39759,72005,50692,76378,52984,94278,118848,134295,39254,111541,29643,78122,36578,116056,55820,101684,69395,73503,74312,85473,42382,2019
6177," Sinhgad College of Engineering, Vadgaon (BK), Pune",617750710,Chemical Engineering,19778,38488,52533,20337,34856,24643,55008,43670,62150,82018,76310,42222,81394,18044,38361,20461,58137,54772,31830,30397,24142,21271,53792,15746,2019
6177," Sinhgad College of Engineering, Vadgaon (BK), Pune",617760610,Production Engineering,34743,112754,212847,122985,38322,58067,56001,114856,153647,137071,203445,54522,193923,46790,88879,61224,127927,49404,88810,127785,101350,83784,157579,66084,2019
6177," Sinhgad College of Engineering, Vadgaon (BK), Pune",617761210,Mechanical Engineering,16466,29736,74783,78030,72826,103324,18147,35626,106297,110867,106509,40045,124770,15827,30282,22771,56164,35334,82131,35406,100866,16464,52461,6927,2019
6177," Sinhgad College of Engineering, Vadgaon (BK), Pune",617761220,Mechanical Engineering [Second Shift],16066,46696,52814,75703,113772,21079,25816,47593,63864,91993,61444,23806,79438,19385,34734,22459,59218,35828,91090,50842,105384,45336,67927,27356,2019
6178,"Sinhgad Technical Education Society's Smt. Kashibai Navale College of Engineering,Vadgaon,Pune",617824510,Computer Engineering,17272,54996,84380,21308,21560,29059,31295,54292,25096,24734,47405,41152,83057,17926,21930,21329,34614,17753,14225,20376,29698,55430,65698,21545,2019
6178,"Sinhgad Technical Education Society's Smt. Kashibai Navale College of Engineering,Vadgaon,Pune",617824520,Computer Engineering [Second Shift],15852,32518,81774,21671,24916,29543,36608,49721,56534,80259,88045,41503,87897,18805,25803,21918,36643,36144,50750,29837,35909,65804,56351,28546,2019
6178,"Sinhgad Technical Education Society's Smt. Kashibai Navale College of Engineering,Vadgaon,Pune",617824610,Information Technology,20677,46659,104380,25717,35799,29580,44173,72400,66149,96693,115024,55420,95862,22340,36769,27996,47680,29277,59152,31025,77968,48344,82788,31092,2019
6178,"Sinhgad Technical Education Society's Smt. Kashibai Navale College of Engineering,Vadgaon,Pune",617837210,Electronics and Telecommunication Engg,42890,198865,401289,61696,105308,109279,113796,156061,286101,297641,356155,96315,330673,82474,121712,100699,122429,99227,140666,106099,168106,181478,255352,53381,2019
6178,"Sinhgad Technical Education Society's Smt. Kashibai Navale College of Engineering,Vadgaon,Pune",617837220,Electronics and Telecommunication Engg [Second Shift],68912,198477,405322,90049,92793,111123,164115,188652,287221,305708,363720,147105,359463,83717,95809,104623,126071,152498,140979,127328,152049,192286,277219,116104,2019
6178,"Sinhgad Technical Education Society's Smt. Kashibai Navale College of Engineering,Vadgaon,Pune",617861210,Mechanical Engineering,25477,58903,121329,29251,100722,26615,42023,47322,117946,15649,105074,47292,111274,30044,47710,33495,88008,33596,88535,47606,95499,67041,90558,33124,2019
6178,"Sinhgad Technical Education Society's Smt. Kashibai Navale College of Engineering,Vadgaon,Pune",617861220,Mechanical Engineering [Second Shift],32181,81940,160744,40687,37427,58775,56636,122827,135909,111685,179229,96480,66956,39091,76626,45685,122970,71107,97421,74303,85094,60954,109073,53062,2019
6182,"Sinhgad Technical Education Society, Sinhgad Institute of Technology and Science, Narhe (Ambegaon)",618219110,Civil Engineering,41937,113376,246379,74847,92280,116956,93838,120618,209997,95669,236334,94193,79780,50396,86346,68057,110229,96085,91979,64854,107199,112335,181832,23428,2019
6182,"Sinhgad Technical Education Society, Sinhgad Institute of Technology and Science, Narhe (Ambegaon)",618224510,Computer Engineering,20186,100908,76746,21125,30682,27648,46478,51100,54114,96632,98001,49147,96656,20333,31906,34559,35015,37700,40174,35095,61036,53729,29313,40750,2019
6182,"Sinhgad Technical Education Society, Sinhgad Institute of Technology and Science, Narhe (Ambegaon)",618224520,Computer Engineering [Second Shift],27231,103999,94045,33155,36526,56500,52901,85591,88894,147894,164751,46565,94380,31962,40763,34905,56404,62756,56178,71079,44938,75073,79083,47510,2019
6182,"Sinhgad Technical Education Society, Sinhgad Institute of Technology and Science, Narhe (Ambegaon)",618224610,Information Technology,33624,121083,155286,44501,47286,43705,68149,71963,84654,150838,164141,59014,129214,31535,50651,35990,73645,67884,49331,54543,103715,77929,114395,47563,2019
6182,"Sinhgad Technical Education Society, Sinhgad Institute of Technology and Science, Narhe (Ambegaon)",618237210,Electronics and Telecommunication Engg,55069,138229,318437,91561,99188,92539,130520,148324,160814,280908,292041,100757,292011,59705,99796,75303,97391,118117,110072,76639,126223,154513,217177,87634,2019
6182,"Sinhgad Technical Education Society, Sinhgad Institute of Technology and Science, Narhe (Ambegaon)",618261210,Mechanical Engineering,50794,193753,456283,91067,71290,85592,177883,194498,350337,309579,418532,169930,386451,97416,118572,120122,146115,182825,156700,144034,191462,218090,303046,83706,2019
6184,"K. J.'s Educational Institut Trinity College of Engineering and Research, Pisoli, Haveli ",618419110,Civil Engineering,46802,234400,453561,51557,104036,120020,172698,214444,251539,411107,428490,149330,357050,89057,92082,100396,133408,164743,162787,151174,166387,220301,271224,71871,2019
6184,"K. J.'s Educational Institut Trinity College of Engineering and Research, Pisoli, Haveli ",618424510,Computer Engineering,40201,99095,115001,48986,42598,71480,58807,85594,54930,191180,174670,49277,151214,31197,46291,46018,58947,68568,56677,61725,77464,90422,125746,50819,2019
6184,"K. J.'s Educational Institut Trinity College of Engineering and Research, Pisoli, Haveli ",618424610,Information Technology,49499,151151,270719,104436,39501,68306,81696,130353,94868,297748,271446,111462,263418,49328,59269,44826,88978,103954,100521,111025,120715,137400,193813,72528,2019
6184,"K. J.'s Educational Institut Trinity College of Engineering and Research, Pisoli, Haveli ",618429310,Electrical Engineering,43470,223445,406684,102830,89713,105032,152967,195688,169697,429543,404748,165405,391507,76595,87660,94163,126276,156223,151588,148437,180836,201957,291214,98328,2019
6184,"K. J.'s Educational Institut Trinity College of Engineering and Research, Pisoli, Haveli ",618437210,Electronics and Telecommunication Engg,69704,229066,416888,96506,45498,103188,153062,198524,142713,443343,408215,168738,401396,74330,69570,95756,122359,158748,149880,144648,181403,207748,293353,123276,2019
6184,"K. J.'s Educational Institut Trinity College of Engineering and Research, Pisoli, Haveli ",618461210,Mechanical Engineering,41073,230601,436695,111119,101119,114995,165909,207916,410237,418139,420765,168945,409586,84908,95058,104800,136205,166647,159308,148863,190549,213685,308205,63510,2019
6185,"Sinhagad Institute of Technology, Lonavala",618524510,Computer Engineering,32591,87480,86569,26509,48744,38019,81498,57408,53605,123193,130958,53294,74401,27282,56660,43225,76239,57485,66294,29641,85718,47056,77126,19922,2019
6185,"Sinhagad Institute of Technology, Lonavala",618524520,Computer Engineering [Second Shift],27515,112277,167999,35281,83538,60304,101101,52048,88510,151211,156829,63084,130098,32247,68441,42465,85403,55930,91817,53429,48369,81621,78956,48499,2019
6185,"Sinhagad Institute of Technology, Lonavala",618524610,Information Technology,32698,86987,178557,37688,87270,52847,83010,83267,86882,160296,164493,94519,144101,33225,78381,45102,102659,67073,61184,59085,88351,92506,123817,51048,2019
6185,"Sinhagad Institute of Technology, Lonavala",618529310,Electrical Engineering,16732,55500,126734,48509,108745,106623,44829,60782,41400,65375,109464,66320,117386,21044,92585,32133,92902,93896,98929,31684,28575,62248,85607,19412,2019
6185,"Sinhagad Institute of Technology, Lonavala",618537210,Electronics and Telecommunication Engg,90916,275871,551769,139101,117281,148100,213681,254098,363260,456308,511430,199490,499833,113139,56864,135310,175651,177330,197612,180602,236260,261064,383936,152865,2019
6185,"Sinhagad Institute of Technology, Lonavala",618561210,Mechanical Engineering,47488,193901,395003,88555,65637,108857,153810,114782,284841,296065,360836,121091,325382,82260,114322,115896,123928,97649,126319,105964,147293,103167,259216,87764,2019
6185,"Sinhagad Institute of Technology, Lonavala",618561220,Mechanical Engineering [Second Shift],85843,245323,498660,91145,117158,138034,194693,237167,354235,370495,457430,176709,411936,104382,72167,127109,155526,188930,168949,156038,190300,230584,346097,145251,2019
6187,"Sinhgad Academy of Engineering, Kondhwa (BK) Kondhwa-Saswad Road, Pune",618719110,Civil Engineering,37791,109234,229931,65031,103448,107711,63188,65818,108277,152168,187289,75550,192470,44350,86681,58772,115193,85096,102006,105062,92029,71966,150677,112783,2019
6187,"Sinhgad Academy of Engineering, Kondhwa (BK) Kondhwa-Saswad Road, Pune",618724510,Computer Engineering,22764,90476,70906,30879,36210,31014,54999,49698,44263,81973,124069,64964,101141,23584,37318,29349,52361,21562,41463,39868,54554,65554,92611,12516,2019
6187,"Sinhgad Academy of Engineering, Kondhwa (BK) Kondhwa-Saswad Road, Pune",618724520,Computer Engineering [Second Shift,24805,78649,82759,35145,40863,43835,57998,87231,119343,137741,155700,99405,89277,28939,44022,35375,61092,57634,44622,79250,100991,83935,90499,41799,2019
6187,"Sinhgad Academy of Engineering, Kondhwa (BK) Kondhwa-Saswad Road, Pune",618724610,Information Technology,29050,113345,69825,29564,44343,29718,69369,88490,70711,140242,185527,74581,148351,36767,57222,47454,76402,90309,90979,61530,84680,91234,130235,54604,2019
6187,"Sinhgad Academy of Engineering, Kondhwa (BK) Kondhwa-Saswad Road, Pune",618737210,Electronics and Telecommunication Engg,94891,268097,581984,142042,73863,160544,206323,262602,398202,433353,509693,202156,481902,116764,125364,138202,164947,215823,188659,156499,211017,242409,386957,77337,2019
6187,"Sinhgad Academy of Engineering, Kondhwa (BK) Kondhwa-Saswad Road, Pune",618737220,Electronics and Telecommunication Engg [Second Shift],47287,150358,291794,65540,83168,78697,109053,137322,140222,272780,274675,108020,271627,54871,88029,72454,82797,109854,102648,96815,124365,142579,202135,69097,2019
6187,"Sinhgad Academy of Engineering, Kondhwa (BK) Kondhwa-Saswad Road, Pune",618761210,Mechanical Engineering,43529,221371,513147,129254,71977,138845,191744,232405,427139,337212,462812,117482,431898,109601,121571,122104,166423,121451,175763,150888,216703,242720,358878,70541,2019
6187,"Sinhgad Academy of Engineering, Kondhwa (BK) Kondhwa-Saswad Road, Pune",618761220,Mechanical Engineering [Second Shift],94581,262861,534235,144789,102324,132531,213229,255386,414430,372868,491982,200934,464895,115974,96301,143225,177996,206419,180585,171327,239333,252898,361786,159601,2019
6207," Dr. D. Y. Patil Vidya Pratishthan Society Dr .D. Y. Patil Institute of Engineering & Technology, Pimpri,Pune",620719110,Civil Engineering,16755,53183,129372,20648,59888,24616,78415,49613,30683,48526,77454,36672,110022,21777,37304,24026,54601,43403,48497,40138,56413,49410,40941,37958,2019
6207," Dr. D. Y. Patil Vidya Pratishthan Society Dr .D. Y. Patil Institute of Engineering & Technology, Pimpri,Pune",620724510,Computer Engineering,11560,48179,49231,10429,14439,11880,15936,46390,67241,76471,17380,15246,44163,7372,14171,9977,18280,19347,29549,31203,32692,26607,24228,9710,2019
6207," Dr. D. Y. Patil Vidya Pratishthan Society Dr .D. Y. Patil Institute of Engineering & Technology, Pimpri,Pune",620724520,Computer Engineering [Second Shift],9261,31013,53892,9980,16254,13043,19743,29576,51662,67925,59723,18423,44423,9923,15328,14076,19520,17157,20863,21000,21293,18589,40756,16054,2019
6207," Dr. D. Y. Patil Vidya Pratishthan Society Dr .D. Y. Patil Institute of Engineering & Technology, Pimpri,Pune",620729310,Electrical Engineering,9844,32407,115005,18279,60198,41851,57955,47687,41728,60353,65013,37272,65327,18419,40502,18252,60291,40305,49324,36144,48711,53109,90499,30087,2019
6207," Dr. D. Y. Patil Vidya Pratishthan Society Dr .D. Y. Patil Institute of Engineering & Technology, Pimpri,Pune",620737210,Electronics and Telecommunication Engg,22123,96466,79257,29071,38378,41027,72980,78826,77098,156071,156441,70348,99219,30847,41844,38690,67169,45064,55054,63507,118526,65420,105784,25356,2019
6207," Dr. D. Y. Patil Vidya Pratishthan Society Dr .D. Y. Patil Institute of Engineering & Technology, Pimpri,Pune",620746610,Instrumentation Engineering,16992,130174,252464,50938,62806,64473,102052,117323,111779,230257,231699,100858,233201,45688,46504,90428,103449,103291,102727,81325,104855,123205,171350,71654,2019
6207," Dr. D. Y. Patil Vidya Pratishthan Society Dr .D. Y. Patil Institute of Engineering & Technology, Pimpri,Pune",620761210,Mechanical Engineering,17023,45267,112431,51345,57359,109011,98162,44026,55554,99341,117907,34496,79581,16577,22161,20035,33588,47009,54667,31775,36827,31162,36376,17342,2019
6207," Dr. D. Y. Patil Vidya Pratishthan Society Dr .D. Y. Patil Institute of Engineering & Technology, Pimpri,Pune",620761220,Mechanical Engineering [Second Shift],17041,71836,127727,65516,62624,2127,57461,61970,57948,80092,100169,41953,99622,19390,24134,21883,38589,45754,27209,33399,51096,45203,53170,27168,2019
6271,"Pune Institute of Computer Technology, Dhankavdi, Pune",627124510,Computer Engineering,376,4990,15378,546,851,925,2720,3428,11574,11294,23753,4151,12540,437,297,660,815,3410,2557,-437,4709,4039,5012,1512,2019
6271,"Pune Institute of Computer Technology, Dhankavdi, Pune",627124520,Computer Engineering [Second Shift],316,5711,18116,505,871,635,2131,5908,5648,9770,36721,4767,10743,306,369,1003,1489,901,735,89,7250,1261,-1149,2763,2019
6271,"Pune Institute of Computer Technology, Dhankavdi, Pune",627124610,Information Technology,971,197,24720,1110,2037,1992,4457,15413,18765,33999,57872,6247,16830,617,1343,921,3009,5742,3747,2463,5072,-19,16703,933,2019
6271,"Pune Institute of Computer Technology, Dhankavdi, Pune",627137210,Electronics and Telecommunication Engg,1775,5601,24832,2018,1934,3272,6417,7502,-756,22379,93930,5917,17872,1020,1692,1380,2493,3069,1955,5605,3063,5797,14673,4007,2019
6271,"Pune Institute of Computer Technology, Dhankavdi, Pune",627137220,Electronics and Telecommunication Engg [Second Shift],1170,5284,30701,2029,2207,2175,8356,20267,18844,-11483,8482,6335,17913,1100,2037,1532,2847,2183,6524,8034,12476,4847,27850,5757,2019
6272,"Dr. D. Y. Patil Pratishthan's D.Y.Patil College of Engineering Akurdi, Pune ",627219110,Civil Engineering,12040,15364,61400,11207,37367,12128,51107,38400,81263,55283,55262,22818,62514,12999,25585,18197,40940,37535,41086,22300,22155,17751,54806,21807,2019
6272,"Dr. D. Y. Patil Pratishthan's D.Y.Patil College of Engineering Akurdi, Pune ",627219120,Civil Engineering [Second Shift],11580,30605,99839,20076,51434,26746,75918,36376,61919,96020,54424,26254,68991,12604,30254,19319,48491,29267,24180,13006,32438,37577,84597,22017,2019
6272,"Dr. D. Y. Patil Pratishthan's D.Y.Patil College of Engineering Akurdi, Pune ",627224510,Computer Engineering,5075,33205,23809,4757,8888,8370,11849,17622,9896,59286,100318,17206,35974,3403,5437,4761,11583,5663,7761,8356,22091,28088,8390,7849,2019
6272,"Dr. D. Y. Patil Pratishthan's D.Y.Patil College of Engineering Akurdi, Pune ",627224610,Information Technology,6250,32286,66153,6784,16128,8377,24829,27352,43860,11669,44060,21247,48279,6383,13435,8068,18768,17517,51520,14944,2885,15521,21517,12457,2019
6272,"Dr. D. Y. Patil Pratishthan's D.Y.Patil College of Engineering Akurdi, Pune ",627237210,Electronics and Telecommunication Engg,15625,33999,60196,15772,12250,17026,-480,66940,17332,81160,67521,28154,95338,10048,16565,18667,24651,70820,40730,17312,16748,38091,72879,35821,2019
6272,"Dr. D. Y. Patil Pratishthan's D.Y.Patil College of Engineering Akurdi, Pune ",627246610,Instrumentation Engineering,32030,65446,120896,21551,7347,36176,110270,54594,4630,127932,108058,75522,109147,16310,54320,19158,59441,44075,35812,37682,46972,60862,77761,49783,2019
6272,"Dr. D. Y. Patil Pratishthan's D.Y.Patil College of Engineering Akurdi, Pune ",627261210,Mechanical Engineering,7979,98549,24863,32156,18950,46930,47971,27529,16986,58306,16619,21273,57596,5813,13144,8634,16982,36025,29120,13550,9947,17815,30345,2106,2019
6272,"Dr. D. Y. Patil Pratishthan's D.Y.Patil College of Engineering Akurdi, Pune ",627261220,Mechanical Engineering [Second Shift],6816,25998,54331,28139,19348,60710,57937,27118,16647,124314,43810,22540,67800,7200,14561,9779,20997,14314,8034,15300,23294,22768,23243,13214,2019
6272,"Dr. D. Y. Patil Pratishthan's D.Y.Patil College of Engineering Akurdi, Pune ",627262610,Production Engineering[Sandwich],38783,126126,245544,52520,71160,60954,90117,105355,110362,221779,224526,105722,93038,44503,47699,59020,75696,91866,82661,66455,101729,119677,166337,91023,2019
6274,"Pune Vidyarthi Griha's College of Engineering and Technology, Pune",627424510,Computer Engineering,1780,34183,25577,3995,3578,7385,2906,-6086,33352,73120,33613,12933,23308,2502,1848,5758,5376,6049,5329,5382,3589,8155,10245,7950,2019
6274,"Pune Vidyarthi Griha's College of Engineering and Technology, Pune",627424610,Information Technology,2074,22830,45299,5873,4319,6745,6307,42592,35288,-17349,25762,9444,15051,3935,3392,5837,6332,10314,-11327,7797,28171,4550,18412,5236,2019
6274,"Pune Vidyarthi Griha's College of Engineering and Technology, Pune",627429310,Electrical Engineering,5435,52020,38767,12164,12827,13414,10219,17278,99704,130215,84345,33414,31206,5975,8185,7521,10012,26317,12313,12262,61665,23354,50689,5826,2019
6274,"Pune Vidyarthi Griha's College of Engineering and Technology, Pune",627437210,Electronics and Telecommunication Engg,9645,36109,66412,9077,7046,14051,16332,18563,38793,21006,53439,35818,73349,9000,6962,12769,11235,888,14375,56294,-12360,18383,3983,15054,2019
6274,"Pune Vidyarthi Griha's College of Engineering and Technology, Pune",627461210,Mechanical Engineering,6429,44648,40332,12751,8994,11450,34900,12967,40903,12028,12717,23819,28382,5641,3834,8182,9275,18285,3045,4482,19837,14090,15931,16396,2019
6274,"Pune Vidyarthi Griha's College of Engineering and Technology, Pune",627484210,Printing Engineering and Graphics Communication,19663,147624,292812,37358,56201,103987,57881,136852,160840,232712,265744,76689,95463,55943,55229,73629,62686,110576,92381,92993,72515,142607,88630,82979,2019
6278,"All India Shri Shivaji Memorial Society's College of Engineering, Pune ",627819110,Civil Engineering,13363,34028,49362,12641,28649,26094,32927,40399,14740,45280,62876,29820,39202,11494,17899,15050,41593,28440,18872,21686,42623,31190,24289,14671,2019
6278,"All India Shri Shivaji Memorial Society's College of Engineering, Pune ",627824510,Computer Engineering,3486,14980,8412,5045,7068,5826,11918,15123,5606,123679,62251,14592,17990,4469,2272,5906,4577,-1571,8470,10018,13375,16700,22730,10096,2019
6278,"All India Shri Shivaji Memorial Society's College of Engineering, Pune ",627824520,Computer Engineering [Second Shift],3851,5184,30116,7626,5293,15042,9771,44962,-2229,42103,85713,14462,22476,3441,3228,6002,5039,11561,7908,19226,3393,3975,37573,10785,2019
6278,"All India Shri Shivaji Memorial Society's College of Engineering, Pune ",627829310,Electrical Engineering,13013,54570,49912,1015,21701,13392,52270,36854,18767,16420,81549,31363,40150,9146,14660,11109,25874,25044,17864,21306,20528,31865,32340,19711,2019
6278,"All India Shri Shivaji Memorial Society's College of Engineering, Pune ",627850710,Chemical Engineering,12170,38855,68083,21194,7910,28488,20233,44146,29204,93467,82828,27062,39859,15568,11246,17526,27444,53002,31760,29480,46669,47943,94013,24280,2019
6278,"All India Shri Shivaji Memorial Society's College of Engineering, Pune ",627861210,Mechanical Engineering,8650,56927,46193,8611,10001,12501,17372,29849,40460,116752,33220,38700,38304,6648,6486,8077,8813,25838,6455,14475,16914,18506,27620,3878,2019
6278,"All India Shri Shivaji Memorial Society's College of Engineering, Pune ",627862510,Mechanical Engineering[Sandwich],13723,35507,66689,10286,13703,18121,57495,30727,16526,66751,61154,61819,73003,10682,6814,24509,21221,24748,21531,24599,23908,33110,44482,8680,2019
6278,"All India Shri Shivaji Memorial Society's College of Engineering, Pune ",627862610,Production Engineering[Sandwich],7428,69292,124540,35388,34556,25625,41396,52400,7894,139724,115736,69595,74239,17289,31419,35441,54532,45966,38420,40615,50088,63158,82271,34244,2019
6281,"Modern Education Society's College of Engineering, Pune ",628124510,Computer Engineering,7881,54592,39690,4580,6739,9602,10954,38434,33280,52092,53730,19936,45913,8488,8535,11760,15773,21117,33458,6072,23244,16202,1797,11041,2019
6281,"Modern Education Society's College of Engineering, Pune ",628124520,Computer Engineering [Second Shift],8265,55293,33153,10565,11434,12826,15276,28246,9698,40541,77382,22816,50043,8281,10489,13856,17404,22607,19337,38595,21763,-583,14417,11046,2019
6281,"Modern Education Society's College of Engineering, Pune ",628137210,Electronics and Telecommunication Engg,20880,55637,78583,24270,17978,34963,17950,66770,32139,149017,134012,93152,78305,22947,24398,35694,41125,51460,80025,24654,70423,71939,62321,33343,2019
6281,"Modern Education Society's College of Engineering, Pune ",628161210,Mechanical Engineering,13720,77018,56799,33119,14468,72876,61918,24528,65514,62501,91173,47835,31168,17498,13042,19805,25527,27710,50347,20716,40507,73027,74094,22443,2019
6284,"Vidya Pratishthan's College of Engineering, Baramati Dist.Pune",628419110,Civil Engineering,18421,65762,53604,23616,28897,43172,36964,59602,48134,123677,133318,73411,72536,22117,31213,29178,51112,36769,49501,39177,46839,63223,97631,55716,2019
6284,"Vidya Pratishthan's College of Engineering, Baramati Dist.Pune",628424510,Computer Engineering,9103,39084,56217,9142,20437,28022,21108,99687,41153,76988,66493,46500,47568,10722,24946,24421,27757,26439,22978,25636,35710,35796,48057,26216,2019
6284,"Vidya Pratishthan's College of Engineering, Baramati Dist.Pune",628424610,Information Technology,21103,98785,37823,18614,29000,58329,42330,58448,31257,132245,118572,79594,97373,20443,37098,37315,53925,64193,75542,65650,44506,64239,90795,32836,2019
6284,"Vidya Pratishthan's College of Engineering, Baramati Dist.Pune",628429310,Electrical Engineering,41672,80299,200918,35090,62772,44385,56696,56941,55923,163910,173129,91480,91884,31674,52162,75926,95039,84689,54875,54520,69938,103127,120108,53957,2019
6284,"Vidya Pratishthan's College of Engineering, Baramati Dist.Pune",628437210,Electronics and Telecommunication Engg,38214,205575,100703,42641,88337,47256,97243,186652,219328,370865,379260,121101,302335,78296,110224,125061,101454,149440,145439,84675,144763,191806,277978,78877,2019
6284,"Vidya Pratishthan's College of Engineering, Baramati Dist.Pune",628461210,Mechanical Engineering,12942,-228,75921,37119,61770,19935,46595,116632,68890,82045,77861,47318,52358,14244,25932,19289,41836,31698,88681,31216,20516,42040,59569,32410,2019
6307,"Dhole Patil Education Society, Dhole Patil College of Engineering, Wagholi, Tal. Haveli ",630719110,Civil Engineering,36791,70696,160982,23861,70379,34964,60761,75016,15982,114262,206137,53270,80958,24025,61227,64838,98097,60121,51467,47234,58610,81548,76881,39733,2019
6307,"Dhole Patil Education Society, Dhole Patil College of Engineering, Wagholi, Tal. Haveli ",630724510,Computer Engineering,10200,105047,144459,24314,17827,18448,44227,57800,14089,133370,121311,29591,110432,21204,25235,26395,34263,48451,40491,83558,51140,64555,87759,28689,2019
6307,"Dhole Patil Education Society, Dhole Patil College of Engineering, Wagholi, Tal. Haveli ",630724610,Information Technology,44726,105812,199990,4987,43240,13996,39608,92066,53738,196992,182660,85672,170822,32381,29763,45419,27135,57438,53653,64004,81218,99037,106997,45522,2019
6307,"Dhole Patil Education Society, Dhole Patil College of Engineering, Wagholi, Tal. Haveli ",630737210,Electronics and Telecommunication Engg,57290,223453,408503,45443,83943,101363,150171,194298,144451,429773,398529,114481,392158,73132,85972,94050,119982,155439,146505,141146,177373,203226,286981,101628,2019
6307,"Dhole Patil Education Society, Dhole Patil College of Engineering, Wagholi, Tal. Haveli ",630760210,Automobile Engineering,48793,115210,229108,38215,70993,58548,85432,106250,121691,194788,207454,44187,50410,43246,57400,55895,59090,85764,77549,68647,94922,123093,155267,39306,2019
6307,"Dhole Patil Education Society, Dhole Patil College of Engineering, Wagholi, Tal. Haveli ",630761210,Mechanical Engineering,25011,118050,231848,53862,57473,54192,82259,95719,83758,206982,205046,79281,206615,38945,48139,61438,89662,101605,72230,58302,90263,113227,140065,48901,2019
6310,"Nutan Maharashtra Vidya Prasarak Mandal, Nutan Maharashtra Institute of Engineering &Technology, Talegaon station, Pune",631024510,Computer Engineering,14664,30971,63848,-7267,11290,3403,16375,16414,-93865,88243,31367,57330,47456,-7208,10518,-8627,16414,13592,5440,90308,61463,27241,3708,32918,2019
6310,"Nutan Maharashtra Vidya Prasarak Mandal, Nutan Maharashtra Institute of Engineering &Technology, Talegaon station, Pune",631024610,Information Technology,35279,94350,162387,30678,-568,8930,-1465,73063,-37263,196481,147796,65991,29816,17636,3439,44534,3514,58820,46128,51618,52236,83908,103249,76286,2019
6310,"Nutan Maharashtra Vidya Prasarak Mandal, Nutan Maharashtra Institute of Engineering &Technology, Talegaon station, Pune",631061210,Mechanical Engineering,22672,146524,246972,55469,34486,52299,83522,117266,-7843,316766,248501,83436,-12275,35092,18808,47515,25225,93370,85088,88247,106112,127762,54400,40618,2019
6634,"KJEI's Trinity Academy of Engineering, Yewalewadi, Pune",663419110,Civil Engineering,63874,259892,514283,119468,112386,133499,193533,239908,263628,454784,471142,183046,468874,98935,83021,118748,144399,193407,177482,165420,215685,248431,351900,147354,2019
6634,"KJEI's Trinity Academy of Engineering, Yewalewadi, Pune",663424510,Computer Engineering,25211,141369,227022,40936,35651,103185,90868,122046,87223,270990,250757,39640,227039,45662,46858,78810,84786,98358,91580,104362,91810,99091,180838,33697,2019
6634,"KJEI's Trinity Academy of Engineering, Yewalewadi, Pune",663461210,Mechanical Engineering,78812,260419,484512,122204,82326,125434,182372,231269,220785,485721,472012,191871,459737,91904,97130,116245,149127,185102,177129,171116,212240,238809,342917,144245,2019
6732,"Dr. D. Y. Patil School OF Engineering, Lohegaon, Pune",673219110,Civil Engineering,32547,99865,197246,35350,70381,45073,101018,80375,-12298,152434,178372,49545,64200,33605,58957,43810,81260,73548,69367,62389,82735,97143,149826,53841,2019
6732,"Dr. D. Y. Patil School OF Engineering, Lohegaon, Pune",673224510,Computer Engineering,15124,94166,89775,20566,21744,29669,39036,99888,150443,115484,133836,59669,81629,22906,26996,26110,40102,89730,4127,44871,66930,72192,70615,11735,2019
6732,"Dr. D. Y. Patil School OF Engineering, Lohegaon, Pune",673237210,Electronics and Telecommunication Engg,41729,108276,280569,25193,88253,53099,102108,135396,67856,329660,285413,116871,278049,48421,84121,57788,82482,107760,103858,101649,125068,142080,201144,62086,2019
6732,"Dr. D. Y. Patil School OF Engineering, Lohegaon, Pune",673261210,Mechanical Engineering,41738,162556,314773,54777,83401,79719,116862,161850,150001,134946,291796,93609,283014,58472,92729,105937,91520,126661,111388,91465,81188,88039,89597,21748,2019
6755,"JSPM Narhe Technical Campus, Pune",675519110,Civil Engineering,27238,102450,191669,89311,78783,91784,78642,87712,187471,159129,173372,52851,91847,29972,65154,44485,90973,70751,57874,74773,98758,54877,126418,81027,2019
6755,"JSPM Narhe Technical Campus, Pune",675524510,Computer Engineering,11990,56877,66822,8653,14639,24704,18025,58916,12076,118720,98687,40010,76195,15551,8953,19786,11711,40127,45574,35065,47153,50120,69873,11326,2019
6755,"JSPM Narhe Technical Campus, Pune",675537210, Electronics and Telecommunication Engg,37866,112380,210315,15601,51946,27613,83616,120225,44291,282167,245134,104962,249124,40343,63352,61819,66566,96398,85979,82550,107408,129552,175128,73224,2019
6755,"JSPM Narhe Technical Campus, Pune",675561210,Mechanical Engineering,19643,108558,205237,54210,86243,49917,74526,95862,-33676,200044,191890,102817,73106,36034,41072,45115,99143,98146,65063,63061,56098,93058,140210,30496,2019
6755,"JSPM Narhe Technical Campus, Pune",675561220,Mechanical Engineering [Second Shift],57571,186205,359321,65704,91066,90856,133294,170279,168388,330749,334060,121536,291038,66571,95233,81495,100671,135265,120059,107968,151321,93919,246568,96373,2019
6769,"Rasiklal M. Dhariwal Sinhgad Technical Institutes Campus, Warje, Pune",676919110,Civil Engineering,46449,233519,461958,115379,106746,113121,167197,220794,308335,378997,430201,162134,394506,95626,108373,112708,140338,178172,164055,144523,203603,225943,324774,142567,2019
6769,"Rasiklal M. Dhariwal Sinhgad Technical Institutes Campus, Warje, Pune",676924510,Computer Engineering,33769,67601,61700,39462,40564,63088,57609,105331,85994,175869,176778,113980,158440,34917,44942,63119,69620,83401,58784,35689,81363,79669,59325,106173,2019
6769,"Rasiklal M. Dhariwal Sinhgad Technical Institutes Campus, Warje, Pune",676924610,Information Technology,39438,72749,196402,48008,50475,52987,86548,91932,83323,186874,183761,59262,172540,35611,62942,44648,96138,73906,66106,65197,80466,101699,125871,40760,2019
6769,"Rasiklal M. Dhariwal Sinhgad Technical Institutes Campus, Warje, Pune",676937210,Electronics and Telecommunication Engg,49068,179628,329059,101475,78172,78354,113540,157816,138900,342514,324974,132986,315434,61817,96597,82522,101418,126103,121572,115344,145399,163096,234459,98708,2019
6769,"Rasiklal M. Dhariwal Sinhgad Technical Institutes Campus, Warje, Pune",676961210,Mechanical Engineering,85453,226935,491048,90978,91892,135120,189621,219754,322359,404412,453643,164952,408226,100394,109134,117621,152028,186020,162556,149925,193641,234402,320823,133405,2019
6770," SKN Sinhgad Institute of Technology & Science, Kusgaon(BK),Pune",677024510, Computer Engineering,43179,101341,250002,52339,73108,99130,71184,70197,217502,223246,230938,84856,213023,47119,89094,66081,104029,69730,98199,58421,103801,117526,171351,108425,2019
6770," SKN Sinhgad Institute of Technology & Science, Kusgaon(BK),Pune",677024610,Information Technology,38346,100983,201252,49819,93357,89844,63400,94022,61232,204566,189455,67727,190988,34079,75842,57034,44167,75514,62361,66716,79868,99892,137357,57472,2019
6770," SKN Sinhgad Institute of Technology & Science, Kusgaon(BK),Pune",677029310,Electrical Engineering,62586,267098,531818,128201,111580,130531,205642,250378,346550,354942,492955,187400,445245,108671,67647,132683,164687,193083,177004,173492,227571,255138,369855,137860,2019
6770," SKN Sinhgad Institute of Technology & Science, Kusgaon(BK),Pune",677037210,Electronics and Telecommunication Engg,81557,239726,454469,104251,86040,115575,169230,214384,205561,436696,431261,171024,426000,84549,97576,108045,135178,172100,160563,152176,194506,222962,315809,132506,2019
6770," SKN Sinhgad Institute of Technology & Science, Kusgaon(BK),Pune",677061210,Mechanical Engineering,100424,284902,567966,149077,132458,158083,222589,266141,491105,471182,532389,196902,515252,119349,97934,144736,170914,192622,195508,172894,223582,272013,399344,156401,2019
6772," NBN Sinhgad Technical Institutes Campus, Pune",677224510,Computer Engineering,28670,84947,166611,22090,28479,46183,34146,85296,99441,159684,160233,109827,75973,35129,37962,37590,53344,40640,71061,59832,50286,91708,104068,31138,2019
6772," NBN Sinhgad Technical Institutes Campus, Pune",677224610,Information Technology,32108,101586,198871,34173,46240,50415,66256,91797,108254,176171,182899,75232,181888,37386,55749,40518,76402,74731,56540,114671,79712,96533,133077,66716,2019
6772," NBN Sinhgad Technical Institutes Campus, Pune",677229310,Electrical Engineering,43546,166576,352297,58182,67720,90765,98594,167061,222071,288860,324156,78096,311824,70987,101005,82233,103247,132772,120274,113556,149751,170964,244784,78860,2019
6772," NBN Sinhgad Technical Institutes Campus, Pune",677237210,Electronics and Telecommunication Engg,48899,155658,300796,105364,61769,80389,116001,138761,145464,258793,270283,95958,273876,54988,58453,64402,93907,112086,99757,94566,130157,145699,201976,65461,2019
6772," NBN Sinhgad Technical Institutes Campus, Pune",677261210,Mechanical Engineering,49710,262211,542374,107340,117101,166866,228900,242339,408280,387054,491149,186052,454554,115144,105949,140818,171473,207327,182470,155456,238412,242203,357780,155715,2019
6772," NBN Sinhgad Technical Institutes Campus, Pune",677261220,Mechanical Engineering [Second Shift],47344,143340,286613,52785,69954,75451,108705,133670,169869,214776,261390,87379,259562,56215,102846,72342,89097,107827,99214,91728,102199,137830,196199,82166,2019
6786,"Dr. D. Y. Patil School of Engineering & Technology, Charholi(Bk), Via Lohgaon, Pune",678619110,Civil Engineering,34077,159258,347426,96922,66805,98538,130146,157069,173536,314648,325160,71254,283324,65786,69930,89234,88247,131248,77112,103893,97652,169292,101471,78274,2019
6786,"Dr. D. Y. Patil School of Engineering & Technology, Charholi(Bk), Via Lohgaon, Pune",678624510,Computer Engineering,19244,67517,110442,13253,13416,8489,39385,104332,-41655,127865,117395,37999,98561,17714,25075,22874,38549,87261,52744,41398,22909,62395,82854,33564,2019
6786,"Dr. D. Y. Patil School of Engineering & Technology, Charholi(Bk), Via Lohgaon, Pune",678637210,Electronics and Telecommunication Engg,54786,259603,490722,24849,95825,110016,184073,232486,230876,473850,469434,192645,460837,92730,85961,121276,148710,186470,175831,165865,211886,240720,343410,30640,2019
6786,"Dr. D. Y. Patil School of Engineering & Technology, Charholi(Bk), Via Lohgaon, Pune",678660210,Automobile Engineering,31986,95736,180463,47580,75159,45241,66665,85016,65646,146889,181115,83524,68738,32929,58221,42767,76130,105580,63316,60426,51924,88804,138911,54300,2019
6786,"Dr. D. Y. Patil School of Engineering & Technology, Charholi(Bk), Via Lohgaon, Pune",678661210,Mechanical Engineering,37473,216417,427821,105079,80442,108411,158789,206099,205408,373863,388369,88791,355363,79816,89047,105617,122055,155272,97982,83272,177206,212770,289844,43366,2019
6787,"Dr. D. Y. Patil Educational Academy's, D.Y.Patil School of Engineering Academy, Ambi",678719110,Civil Engineering,43645,152289,294937,67213,45780,50190,109215,137688,138259,272903,322099,64305,285996,54472,78471,65180,85142,110853,93397,91913,123681,143806,201716,112758,2019
6787,"Dr. D. Y. Patil Educational Academy's, D.Y.Patil School of Engineering Academy, Ambi",678724510,Computer Engineering,31524,62897,173538,51424,44180,64373,85523,79901,48411,179984,163192,72715,89900,28838,31774,28473,39240,81996,58908,57666,72086,104255,97053,70840,2019
6787,"Dr. D. Y. Patil Educational Academy's, D.Y.Patil School of Engineering Academy, Ambi",678760210,Automobile Engineering,42134,108747,203043,35450,51888,47257,71983,98440,56647,205330,140909,98185,206051,33577,60302,49098,94438,75839,67489,66485,83995,100813,137275,43297,2019
6787,"Dr. D. Y. Patil Educational Academy's, D.Y.Patil School of Engineering Academy, Ambi",678761210,Mechanical Engineering,50962,292232,554358,123714,128896,151489,215207,266320,324489,524919,541472,203607,519305,112968,90794,141071,181471,213171,208689,182514,246484,269711,397240,116161,2019
6808,"Keystone School of Engineering, Pune ",680824510,Computer Engineering,28239,118489,213532,43198,8321,52979,45900,102146,-74975,232180,211415,65854,127560,38116,30154,57806,59379,75412,119303,75031,93724,106739,118306,63345,2019
6808,"Keystone School of Engineering, Pune ",680837210,Electronics and Telecommunication Engg,60216,256297,555490,66675,30359,129373,194783,232830,261244,456373,467587,190916,386324,95723,52407,104239,103789,186888,177132,165133,237466,239468,344368,79206,2019
6808,"Keystone School of Engineering, Pune ",680861210,Mechanical Engineering,52377,255384,486761,59396,65634,133868,189651,233819,294316,454933,528396,169683,49097,100066,59370,112942,97016,187210,152113,157196,215962,236768,348867,118082,2019
